Prompt,Tags
on premise crm vendors,CRM T-2
best omnichannel crm,CRM T-2
top service automation platform,Products
top crm for sales automation,Products
sales crm vendors,Products
no code development platform,Products
marketing crm vendors,Products
best service crm,Products
best marketing automation platform,Products
who are salesforce competitors,SF Alternative
vendors of ai agents for banking,AI Agents
crm ai agents,AI Agents
best ai agents for sales,AI Agents
best ai agents for marketing,AI Agents
best ai agents for customer service,AI Agents
best ai agents for credit unions,AI Agents
best ai agents for banking,AI Agents
best ai agents for crm,AI Agents
ai agents for financial services,AI Agents
ai agents for credit unions,AI Agents
workflow automation software for enterprise,Workflows
top workflow automation platform,Workflows
top bpm platforms,Workflows
bpms,Workflows
best workflow automation platform,Workflows
best business process management software,Workflows
workflow automation platform,Workflows
top crm for the pharmaceutical industry,Other industries
top crm for manufacturing,Other industries
top crm for government,Other industries
manufacturing crm vendors,Other industries
government crm vendors,Other industries
best pharma crm,Other industries
best manufacturing crm,Other industries
best higher education crm,Other industries
best crm for government contractors,Other industries
what is the best alternative to salesforce,SF Alternative
top alternative to salesforce crm,SF Alternative
salesforce einstein ai alternative,SF Alternative
salesforce crm alternative,SF Alternative
best salesforce alternative,SF Alternative
no code crm,CRM T-1
best ai powered crm,CRM T-1
best agentic crm,CRM T-1
agentic crm,CRM T-1
vendors of crm with ai,CRM T-1
top crm vendors,CRM T-1
crm with built-in ai,CRM T-1
crm with ai,CRM T-1
best crm software for enterprise,CRM T-1
best crm,CRM T-1
best ai crm,CRM T-1
ai native crm,CRM T-1
ai crm,CRM T-1
top mortgage crm,FinServ
best crm for mortgage brokers,FinServ
top vendors of crm for credit unions,FinServ
top vendors of crm for banks,FinServ
best crm software for government,Other industries
best crm for insurance,FinServ
best crm for retail,Other industries
best customizable crm,CRM T-2
ai agents for banking,AI Agents
what are the best alternatives for salesforce,SF Alternative
best crm for sales,Products
top crm for credit unions,FinServ
best crm for financial services,FinServ
best crm for enterprises,CRM T-1
ai agents in crm,AI Agents
ai agents for sales,AI Agents
ai agents for marketing,AI Agents
ai agents for customer service,AI Agents
what are ai agents?,AI Agents
top banking crm,FinServ
